{"cameraMode":{"drawMode":0,"name":"Shaded","section":"Shading Mode"},"sceneLighting":false,"audioPlay":false,"sceneViewState":{"showFog":true,"showMaterialUpdate":true,"showSkybox":false,"showFlares":true,"showImageEffects":true,"showParticleSystems":true},"in2DMode":false,"pivot":{"x":0.0,"y":2.123744010925293,"z":1.8561549186706544},"rotation":{"x":-0.01112434919923544,"y":0.9885277152061462,"z":0.11888553947210312,"w":0.09249897301197052},"size":6.969107151031494,"orthographic":false}