{"cameraMode":{"drawMode":0,"name":"Shaded","section":"Shading Mode"},"sceneLighting":false,"audioPlay":false,"sceneViewState":{"showFog":true,"showMaterialUpdate":true,"showSkybox":false,"showFlares":true,"showImageEffects":true,"showParticleSystems":true},"in2DMode":false,"pivot":{"x":2.809999942779541,"y":5.480000019073486,"z":-1.1920928955078126e-7},"rotation":{"x":-0.041349463164806369,"y":0.21032284200191499,"z":-0.008903490379452706,"w":-0.9767196774482727},"size":1.052448034286499,"orthographic":true}