{"cameraMode":{"drawMode":0,"name":"Shaded","section":"Shading Mode"},"sceneLighting":true,"audioPlay":false,"sceneViewState":{"showFog":true,"showMaterialUpdate":true,"showSkybox":true,"showFlares":true,"showImageEffects":true,"showParticleSystems":true},"in2DMode":false,"pivot":{"x":76.59749603271485,"y":616.439453125,"z":-5.8669281005859379},"rotation":{"x":-0.19394183158874513,"y":0.03589353710412979,"z":-0.007101869210600853,"w":-0.9803391098976135},"size":95.65394592285156,"orthographic":false}