{"cameraMode":{"drawMode":0,"name":"Shaded","section":"Shading Mode"},"sceneLighting":true,"audioPlay":false,"sceneViewState":{"showFog":true,"showMaterialUpdate":true,"showSkybox":true,"showFlares":true,"showImageEffects":true,"showParticleSystems":true},"in2DMode":false,"pivot":{"x":2.9039857387542726,"y":4.664506435394287,"z":1.3755208253860474},"rotation":{"x":-0.04940640181303024,"y":-0.12343355268239975,"z":0.0061609563417732719,"w":-0.9911129474639893},"size":0.776282012462616,"orthographic":false}