{"cameraMode":{"drawMode":0,"name":"Shaded","section":"Shading Mode"},"sceneLighting":false,"audioPlay":false,"sceneViewState":{"showFog":true,"showMaterialUpdate":true,"showSkybox":false,"showFlares":true,"showImageEffects":true,"showParticleSystems":true},"in2DMode":false,"pivot":{"x":1.5299999713897706,"y":2.855593681335449,"z":0.0},"rotation":{"x":-0.07401321828365326,"y":-0.7156229019165039,"z":0.07672802358865738,"w":-0.6903069615364075},"size":0.8144846558570862,"orthographic":true}