{"cameraMode":{"drawMode":0,"name":"Shaded","section":"Shading Mode"},"sceneLighting":true,"audioPlay":false,"sceneViewState":{"showFog":true,"showMaterialUpdate":true,"showSkybox":true,"showFlares":true,"showImageEffects":true,"showParticleSystems":true},"in2DMode":false,"pivot":{"x":649.0704345703125,"y":665.0258178710938,"z":127.37490844726563},"rotation":{"x":-0.04940640181303024,"y":-0.12343355268239975,"z":0.0061609563417732719,"w":-0.9911129474639893},"size":604.525390625,"orthographic":false}